id,accion,entrada,esperado,observado,incidencia,evidencia
P-01,"Excluir ""Enrolled"", binarizar y tomar muestra piloto estratificada","df completo (4424 filas, 3 clases)","~1200 filas, 2 clases (Dropout/Graduate), proporción similar al dataset completo",OK | tiempo=0.031s | rss_actual=296.9MB | delta_mem=1.7MB,,dataset_muestra_piloto.csv
P-02,Particionar la muestra piloto 70/15/15 estratificada,muestra piloto (1200 filas),"train~70%, val~15%, test~15%, proporción de clase preservada en cada split",OK | tiempo=0.012s | rss_actual=297.1MB | delta_mem=0.1MB,,dataset_split_piloto.csv
P-03,Ajustar pipeline de preprocesamiento (StandardScaler + SMOTE) solo sobre train,"train piloto (840 filas, 36 variables)","fit únicamente sobre train; val transformado con el mismo escalador, sin SMOTE",OK | tiempo=0.022s | rss_actual=310.2MB | delta_mem=1.4MB,,pipeline_config_piloto.json
P-04,"Copiar evidencias P01-P03 (metadata, auditoría) al directorio del piloto de este entorno","data/processed/dataset_metadata.csv, data/processed/dataset_audit.csv",ambos archivos presentes en Pilotaje/<entorno>/evidencias/,OK | tiempo=0.001s | rss_actual=310.2MB | delta_mem=0.0MB,,"dataset_metadata.csv, dataset_audit.csv (copia)"
P-05,"Reajustar StandardScaler + SMOTE sobre train (mismo criterio que 01, sección 8.3)",train piloto (840 filas),"mismo resultado que en 01 (determinista, mismo seed)",OK | tiempo=0.033s | rss_actual=208.4MB | delta_mem=3.6MB,,"(no genera archivo nuevo; pipeline_config_piloto.json ya existe, generado por 01)"
P-06,Entrenar baseline Regresión Logística (con SMOTE) y predecir sobre validación,"train procesado (1022 filas tras SMOTE), val (180 filas)",el modelo entrena sin error y produce probabilidades/predicciones sobre val,OK | tiempo=0.02s | rss_actual=209.3MB | delta_mem=1.0MB,,"baseline_regresion_logistica/baseline_config_piloto.json, baseline_regresion_logistica/metricas_baseline_piloto.json"
P-07,Reajustar StandardScaler + SMOTE sobre train (mismo pipeline que 02),train piloto (840 filas),"mismo resultado que en 01/02 (determinista, mismo seed)",OK | tiempo=0.036s | rss_actual=208.5MB | delta_mem=3.7MB,,"(no genera archivo nuevo; pipeline_config_piloto.json ya existe, generado por 01)"
P-08,"Entrenar Random Forest (hiperparametros por defecto, sin tuning) y predecir sobre validación","train procesado (1022 filas tras SMOTE), val (180 filas)","el modelo entrena sin error con el mismo pipeline que el baseline (02), sin tuning de hiperparámetros",OK | tiempo=0.165s | rss_actual=210.0MB | delta_mem=1.5MB,,"random_forest/rf_config_piloto.json, random_forest/metricas_rf_piloto.json"
P-09,Reajustar pipeline (StandardScaler + SMOTE) y reentrenar baseline y Random Forest sobre train,train piloto (840 filas),"mismos modelos que 02/03 (determinista, mismo seed); ningún ajuste nuevo de hiperparámetros",OK | tiempo=0.197s | rss_actual=240.6MB | delta_mem=5.6MB,,"(reentrenamiento interno, sin archivo propio -- la evidencia es la evaluación de la sección 3)"
P-10,Evaluar ambos modelos sobre test piloto (única vez) y guardar métricas + matriz de confusión,"test piloto (180 filas), 2 modelos ya entrenados","métricas y matriz de confusión calculadas y guardadas para cada modelo, sin re-tocar el test después",OK | tiempo=0.335s | rss_actual=249.5MB | delta_mem=8.9MB,,metricas_test_piloto.json y matriz_confusion_test.png por modelo
